Title,Publised_date,Views
Is This Happening?,2023-03-21,1862506
Reacting To My Public Appearances,2023-03-20,1915653
ChatGPT Doesn't Rate Me,2023-03-18,1594558
BRUTALLY HONEST REVIEW OF PRIME,2023-03-17,2434626
Am I A Mean Person?,2023-03-10,3071262
LAUGHING AT: JAKE PAUL V2,2023-03-08,3224085
MF & DAZN X 005: Jay Swingler vs. NichLmao DAZN Boxing Countdown Show Livestream,2023-03-04,190214
MF & DAZN X 005: Jay Swingler vs. NichLmao Weigh-In Livestream,2023-03-03,152528
MF & DAZN X 005: Jay Swingler vs. NichLmao Press Conference Livestream,2023-03-02,216978
Andrew Tate Wants Me To Disappear,2023-02-26,3674910
I Get My Revenge!,2023-02-17,1830616
3 YouTubers Vs 3 Arsenal Footballers,2023-02-13,5190543
How Was This Allowed?!?,2023-02-08,3183386
Stuff That We Missed…,2023-02-06,3650161
How Could I Not Laugh At This?,2023-01-28,3188880
I hated doing this…,2023-01-27,2130405
I Can't Believe He Did This,2023-01-25,3367896
This Is Why I'll Beat Jake Paul,2023-01-17,4072472
MF & DAZN X 004: KSI vs. FaZe Temper DAZN Boxing Countdown Show,2023-01-14,935079
IT'S TIME!,2023-01-14,1811509
I Used To Be So Salty,2023-01-13,2816257
MF & DAZN X 004: KSI vs. FaZe Temper Weigh In Livestream,2023-01-13,649959
He Can't Keep Getting Away With This,2023-01-12,3760360
MF & DAZN X 004: KSI vs. FaZe Temper Final Press Conference Livestream,2023-01-12,620142
Are These Jokes Too Far?,2023-01-08,4091954
Laughing At Dillon Danis,2023-01-05,3990225
I'm Being Roasted For This,2023-01-03,3579010
HOW STRONG IS KSI?,2022-12-31,2036026
My Editor Tries To Make Me Laugh,2022-12-27,3760278
Conor McGregor Said This To Me About My Fight?,2022-12-24,2954555
The Cringe Is Unbearable,2022-12-21,4476615
PewDiePie Wants To Fight Me,2022-12-16,2564994
Try Not To Get Cancelled,2022-12-15,5208188
Misfits x DAZN X 004: KSI vs. Dillon Danis First Press Conference,2022-12-15,677154
$1000 Every Time I Laugh,2022-12-12,6446144
I'M TAKING STEROIDS?,2022-12-10,2784698
TRY NOT TO CRINGE!,2022-12-07,2794044
The Funniest Salty Clips Ever,2022-12-05,2404981
Am I A Bad Boxer?,2022-12-02,2974654
This Guy Is Crazy!,2022-11-30,2387567
One Of The Funniest Try Not To Laughs Ever,2022-11-27,5282503
Why I'm Fighting Dillion Danis January 14th 2023,2022-11-24,3022043
Misfits x DAZN X Series 003: DAZN Boxing Countdown Show,2022-11-20,327280
Misfits x DAZN X Series 003 Weigh In,2022-11-18,304389
Misfits x DAZN X Series 003: Press Conference,2022-11-17,394345
My Honest Thoughts On Deji vs Floyd Mayweather,2022-11-17,3328465
How Much Money Have I Lost From Try Not To Laugh Videos,2022-11-12,4305295
One Question Go Returns!,2022-11-11,4006699
No Idea What This Video Is...,2022-11-04,2437102
Which Body Do These Women Prefer?,2022-10-31,3137055
THIS WONT MAKE YOU LAUGH,2022-10-29,5421979
My Thoughts On This Moment...,2022-10-19,5082107
DAZN Boxing Live Countdown Show,2022-10-15,783779
Misfits x DAZN Series 002: Jay Swingler vs. Cherdleys Press Conference Livestream,2022-10-14,690151
THE FUNNIEST VIDEOS YOU WILL EVER SEE,2022-10-13,7625411
Misfits x DAZN Series 002: Jay Swingler vs. Cherdleys Press Conference Livestream,2022-10-13,772905
IT IS FINALLY DONE,2022-10-12,3942166
My Best To Worst Songs (Updated),2022-10-09,2409237
This is Getting Ridiculous,2022-10-06,5142820
Reacting To My Fight With Deji,2022-10-04,4916731
KSI - Summer Is Over [Official Music Video],2022-10-03,4329995
Speed Owned Me,2022-09-28,7167937
Did I Post This?,2022-09-26,4969380
This Time I Actually Didn't Laugh?,2022-09-22,6382033
My Bro Is Fighting Mayweather,2022-09-20,4568630
LAUGHING AT: ANDREW TATE,2022-09-06,8190787
What's Next?,2022-08-30,7059270
TODAY IS THE DAY!,2022-08-27,3856520
KSI VS. SWARMZ & LUIS ALCARAZ PINEDA WEIGH IN LIVESTREAM,2022-08-26,3031755
I'M GONNA SHOCK THE WORLD,2022-08-26,2994123
YouTube Boxing Cringe Moments,2022-08-25,5367830
KSI VS. SWARMZ & LUIS ALCARAZ PINEDA PRESS CONFERENCE,2022-08-25,3167215
HARD NOT TO LAUGH AT THIS,2022-08-23,6612373
I Replaced My 2nd Opponent Because...,2022-08-20,4785425
THIS DISSTRACK SUCKS,2022-08-18,4040231
I'M FIGHTING TWO PEOPLE ON AUGUST 27TH,2022-08-16,4649362
MY NEW SONG IS TRASH?!,2022-08-15,4026075
DONT WATCH THIS,2022-08-09,4258081
RARE L FOR KSI,2022-08-08,6990321
I'VE LOST SO MUCH MONEY FROM THIS VIDEO,2022-08-07,6428866
I Try To 100% KSI Quizzes,2022-08-05,4220368
Jake Paul Fight Is Cancelled,2022-08-02,5700072
Who I Think Will Win,2022-07-31,4609364
KSI VS ALEX WASSABI - FACE OFF,2022-07-29,5260085
PRIME X ARSENAL,2022-07-28,3710463
I Couldn't Stop Laughing,2022-07-26,8261220
WHY DID HE DO THIS?!?,2022-07-20,7600447
Reacting To Youtuber Reddits,2022-07-14,4821775
I Can’t Keep Doing This…,2022-07-11,5512348
I've Broken My Nose,2022-07-09,5414688
I LAUGHED WAY TOO MUCH,2022-07-04,9937963
Training With Logan Paul,2022-07-02,6682470
NO MORE KSIMON,2022-06-29,4756551
$500 EVERYTIME I LAUGH,2022-06-24,6959836
My Thoughts On Gib Vs Austin McBroom,2022-06-19,4006802
$400 EVERYTIME I LAUGH,2022-06-12,7445217
I Secretly Like Jake Paul?,2022-06-10,3427907
Am I Smarter Than 99% Of The World?,2022-06-08,3719912
Liam Payne Wants To Fight Me?!?!,2022-06-04,4312409
Unbelievably Hard Try Not To Laugh,2022-05-29,6391500
Reacting To KSI TikToks 2,2022-05-28,4835804
I'm Not Fat Anymore?,2022-05-20,6884645
Try Not To Laugh (Broke Edition),2022-05-14,5741856
I’m Boxing Again!,2022-05-10,5400377
I Pay You $300 Every Time I Smile,2022-04-30,5050700
My Thoughts On ETHAN Being A FATHER,2022-04-24,4108433
"If I Smile, I Pay You (Try Not To Laugh)",2022-04-18,9173011
Im Getting Made Fun Of?,2022-04-13,4896499
"If I Laugh, I Pay You (Try Not To Laugh)",2022-04-07,8514038
KSI VS THOR,2022-04-05,4460081
“Things Black People Say!?!?” (Try Not To Laugh),2022-03-27,12150981
Why I Won’t Fight Austin McBroom Yet,2022-03-24,5111102
This Guy Wants To Humble Me,2022-03-20,5913609
I’ve Made Yet Another Mistake,2022-03-12,5269461
My Thoughts On Deji Losing,2022-03-08,6221772
A Racist Dog? (Try Not To Laugh),2022-03-05,9823875
I Played A Scary KSI Game,2022-03-02,3678918
This Rapper Said This About Me,2022-02-26,4897485
I Didn’t Mean To Laugh At This…,2022-02-22,6916239
I’ve Become A Meme,2022-02-18,6015208
A SUPER FUNNY TRY NOT TO LAUGH,2022-02-16,15528366
I’ve Made A Mistake…,2022-02-13,5391416
Try Not To Laugh (Omegle Edition),2022-02-09,9403659
Another Salty Compilation,2022-02-05,4245548
I can't show this...,2022-02-01,6021933
Racism In A Video Game (Try Not To Laugh),2022-01-24,14609621
"How i Lost $5,100,000",2022-01-22,5076495
I HAVE COVID,2021-12-31,6152565
My Thoughts On Deji Returning,2021-12-10,5473572
Visiting My Hometown (Google Maps),2021-11-20,4288499
Can I Laugh At This?,2021-11-15,10984489
WHY DID ETHAN DO THIS!?!?!,2021-11-09,6193876
This Was Impossible To Not Laugh At,2021-11-05,13773594
These Kids Remixed My Song And It’s Bad?,2021-11-03,5145079
This Was Actually So Funny,2021-10-28,11537321
Someone made a song from my freakout,2021-10-24,7333760
YOUTUBE ARE MOCKING ME!,2021-09-26,6216759
"If You Laugh, You Go To Hell",2021-09-04,13898195
I was trending on an adult website...,2021-09-04,7270094
He said I did better than Lil Wayne?,2021-08-31,4349890
Someone made a sus remix of my song,2021-08-28,6080200
KSI Plays Roblox,2021-08-28,4838876
One Question Go Returns,2021-08-28,5301630
Jake Paul's Tiktok at me was...,2021-08-28,6603912
I Don't Know If I Can Laugh At This...,2021-08-07,11113221
Austin Mcbroom Said What?!,2021-08-05,9342020
The KSI Show Was Bad?,2021-07-18,6744328
Can This Bread Make You Laugh?,2021-07-18,8912409
WHAT IS GOING ON?!?!,2021-07-15,4584042
Someone Made A Ricegum Disstrack and it's INSANE,2021-07-13,7595204
Son Embarrasses Dad (Try Not To Laugh),2021-07-09,7781715
What Is Wrong With This Guy?,2021-07-06,5269347
THE 100TH REDDIT VIDEO,2021-07-05,5276522
Updated Youtube Boxing Tier List,2021-07-01,7493090
What Would You Do To Her In 24 Hours? (Try Not To Laugh),2021-06-29,10526706
RICEGUM IS SO SALTY,2021-06-27,11452420
LAUGHING AT: BRYCE HALL,2021-06-18,13072940
"Jake ""Got your Career"" Paul (Try Not To Laugh)",2021-06-17,13392810
WHAT EVEN IS THIS VIDEO!?!,2021-06-17,3540185
Deji,2021-06-16,9968600
Someone Made A Bryce Hall Disstrack,2021-06-05,8474490
Try Not To Laugh (Crypto Edition),2021-06-01,8244389
TRY NOT TO CRINGE (BRYCE HALL EDITION),2021-05-30,8756286
Bryce Hall Thinks He Can Beat Me...,2021-05-27,11863329
I GOT CAUGHT OUT,2021-05-18,6608689
I Was In A School Project...,2021-05-11,6656569
Cucumber Up The...? (Try Not To Laugh),2021-05-11,6402301
So It's Actually Happening...,2021-05-02,5894232
"IF I LAUGH, I GET CANCELLED",2021-04-26,14176574
My Thoughts On Jake Paul Vs Ben Askren,2021-04-22,8826839
They're Trying To Cancel Me Again...,2021-04-15,4975186
Well This Was Very Weird (Juan Edition),2021-04-09,4152113
I Took An L Here...,2021-04-05,5979338
A VIDEO WITH A NEW SPECIAL GUEST,2021-03-29,3229831
Why I Left Twitter,2021-03-28,4520127
Try Not To Laugh (Dumb Edition),2021-03-27,9954136
This Youtube Vs TikTok Boxing Event is...,2021-03-23,5991563
This Guy Hates My New Song,2021-03-15,3826419
Why Are You Trying To Get Me In Trouble?,2021-03-13,6277158
Try Not To Laugh (Siri Edition),2021-03-11,9441013
I'm Having A Kid?,2021-03-09,6920375
Why Was This Created?!?!,2021-03-06,4438773
Why I Got Banned...,2021-03-03,5813333
Try Not To Laugh (Fail Edition),2021-02-28,13093675
What did Jake Paul Say To Me?,2021-02-26,7026901
I AM NOW A LORD,2021-02-12,5296582
Try Not To Laugh (Inappropriate Edition),2021-02-10,19066271
Is Anne Marie My Secret Girlfriend?,2021-02-05,7671377
Paying Money Every Time I Laugh,2021-02-03,8902408
I Got Roasted In GTA V,2021-01-25,7529284
Try Not to Laugh (GTA V MEME EDITION),2021-01-20,13405549
I Got Backstabbed...,2021-01-18,6379996
Ricegum is down BAD,2021-01-13,7626549
I Actually Didn't Laugh,2021-01-09,12234736
Among Us Gone Wrong,2021-01-08,6719138
I'VE BEEN EXPOSED,2021-01-05,5801628
Reacting To MrBeast's Youtube Rewind 2020,2021-01-03,8564390
Reacting To Weird Videos (Simpsons Edition),2021-01-02,3412222
My Last 2020 Video,2020-12-30,5027547
I Was Feeling A Bit Down,2020-12-22,4700124
This Reddit Video Is Ridiculous,2020-12-14,6220998
My Thoughts On Logan Paul Vs Floyd Mayweather,2020-12-09,7285586
TRY NOT TO LAUGH (African Edition 2),2020-12-08,22504056
Dating Or Siblings?,2020-12-04,4109893
My thoughts on Jake Paul vs Nate Robinson,2020-12-02,8523380
I Won In Among Us Without Saying Anything,2020-11-30,8171236
It Finally Happened...,2020-11-28,3940692
This News Reporter Can’t Read (Try Not To Laugh),2020-11-26,13032245
A KSI & Pokimane Deepfake has been made,2020-11-23,7480145
I fooled the entire lobby by being someone else,2020-11-21,8614609
Well that was very weird lol,2020-11-19,3792583
I'M AN IDIOT,2020-11-18,4940003
Pewdiepie Reacted To My Drawing Of Him,2020-11-16,5017231
Folabi Plays Among Us,2020-11-14,7839019
Try Not To Laugh At This Suspect Photo,2020-11-12,8524061
Cheating In Among Us?,2020-11-10,12840541
What If All The Sidemen Were Women?,2020-11-08,6143673
I Paid Money To Win In Among Us,2020-11-06,7598621
AMONG US BUT THE WHEEL DECIDES WHAT I SAY,2020-11-04,6378482
WHAT IS THIS TRASH?!?!,2020-11-02,6373221
PAINFUL TRY NOT TO LAUGH,2020-11-01,10263016
Trolling My Imposter Teammate,2020-10-30,7451352
THIS IS A VIOLATION,2020-10-29,7438691
Fastest Imposter Win Ever?,2020-10-27,7524192
SALTY COMPILATION 3 (AMONG US),2020-10-26,5723663
I HAVE 2 SPECIAL GUESTS,2020-10-26,2823137
I GOT CAUGHT OUT IN A LIVESTREAM,2020-10-24,7357466
FUNNIEST AMONG US GAME,2020-10-24,7017472
No One Has Ever Done This Before...,2020-10-24,2799311
I Did A 1 V 7 in Among Us,2020-10-22,6622202
HIDE AND SEEK IN AMONG US,2020-10-21,6367391
What If All The Sidemen Were Fat?,2020-10-19,5576754
Low IQ Duo Imposter Attempt - Among Us #3,2020-10-16,7117449
They Tried To Make Fun Of Me,2020-10-14,9906688
I Can’t Believe It Happened Again  - Among Us #2,2020-10-12,7550627
How Was This An Ad?,2020-10-11,5978549
I AM THE BEST IMPOSTER - Among Us #1,2020-10-10,8442782
I'm A Snake?,2020-10-07,5698521
My Top 10 KSI Youtube Videos,2020-10-05,6715008
I Found A Good Jake Paul Diss Track,2020-10-03,7800366
It‘s So Hard Not To Laugh At This,2020-10-01,21673292
KSI Vs Pewdiepie,2020-09-29,4396129
I Hope You're Happy Now,2020-09-27,4726167
My Thoughts On Floyd Mayweather Vs Logan Paul,2020-09-22,6565648
He Wasn’t Happy I Beat Logan Paul,2020-09-19,8894435
Reacting To Jake Paul’s 23 Song,2020-09-15,6708481
If This Gets Number One I Will...,2020-09-14,3152257
What Do The Public Think of KSI?,2020-09-11,3206686
"Ok, I'm Getting Annoyed Now...",2020-09-10,5444209
This Is Why I'm Amazing,2020-09-05,3538826
What If Deji Beat Jake Paul?,2020-09-04,6096287
TRY NOT TO LAUGH: FORFEIT EDITION,2020-09-01,6020872
Apparently I Hate Indians...,2020-08-28,8702813
Pewdiepie wants me to buy this?,2020-08-22,4817633
This Woman Doesn’t Drink Water?!?!,2020-08-21,3522104
Playing Fall Guys,2020-08-20,5749265
Youtuber Does A Smash Or Pass On Me,2020-08-18,10622198
TRY NOT LAUGH (KSI MEME EDITION),2020-08-15,13514402
The Only Youtuber With 2 Diamond Play Buttons,2020-08-14,6681825
What you didn't see...,2020-08-14,2279313
I've Been Lied To...,2020-08-13,5649267
What is my bro doing?,2020-08-08,7310357
LAUGHING AT: JAKE PAUL & LOGAN PAUL,2020-08-07,12183644
My 1000th Video!!!,2020-08-05,5225819
Ladies and Gentlemen...We did it,2020-08-03,4832914
Why Being Under 6 Foot is Good,2020-08-02,3267649
I'VE BEEN EXPOSED?,2020-08-01,4048486
I HAVE A SPECIAL GUEST,2020-07-31,3519641
We Lost To Jake Paul?,2020-07-29,6602733
REACTING TO LIGHTER REACTIONS,2020-07-28,3191605
Reacting To Jake Paul's New Song...,2020-07-27,15209471
Someone Hacked and Stole My Diamond Play Button...,2020-07-27,6152602
I Threw How Much At Her!?!?!?!,2020-07-26,6773643
I physically can’t say this word...,2020-07-25,3829153
How Big Is My Ego?,2020-07-23,3927287
What Is My Real Height?,2020-07-21,5380754
REACTING TO KILLA KILLA REACTIONS,2020-07-19,3476653
Reacting To Realistic Cakes,2020-07-17,7044882
The Truth about my red hair...,2020-07-15,5378639
How good am i at maths?,2020-07-13,4650574
TRY NOT TO LAUGH (African Edition),2020-07-10,17827458
Someone else is the Number One Nigerian Youtuber,2020-07-09,7937965
STOP WITH THE KSIMON MEMES,2020-07-05,10766802
Which feature would i remove from my album?,2020-07-04,2746045
TRY NOT TO LAUGH (Roadman Edition),2020-07-03,14691744
Reacting to Tiktoks of my album,2020-07-02,4512538
What if Logan had beaten me?,2020-06-30,5720791
WOULD YOU RATHER...,2020-06-29,4131479
African Warlord plays Warzone,2020-06-28,4649919
ANSWERING YOUR ASSUMPTIONS,2020-06-27,4764505
I got a root canal and this happened...,2020-06-26,4555008
TRY NOT TO LAUGH (Snowboard Edition),2020-06-25,11981254
Pewdiepie Reacted To Our Reddit,2020-06-24,7530817
FUNNY MEMES: Don't Leave Me,2020-06-23,7251913
Proof Ricegum doesn't write most of his music,2020-06-22,6911464
This kid tried trolling me...,2020-06-20,4192357
Well this was awkward...,2020-06-19,6007000
Ariana Grande is black?,2020-06-18,4650846
TRY NOT TO LAUGH (Batman Edition),2020-06-16,15868551
Pokimane reacted to my Eyetracking video,2020-06-15,13510318
Reacting to Pewdiepie's Reddit,2020-06-14,5302761
SALTY COMPILATION 2,2020-06-13,9514749
This guy tried slewing me...,2020-06-12,3338740
Why has he done this!?!,2020-06-11,7468344
EYE TRACKER CHALLENGE (Respect Women Edition),2020-06-10,7600560
HOW RICH IS KSI?,2020-06-09,6450987
TRY NOT TO LAUGH AT LAUGHING?,2020-06-08,12819946
Responding to Ricegum,2020-06-07,9754954
I have to respect Logan for this,2020-06-06,9372395
I Actually Don't Laugh?,2020-06-05,8909968
Fan hates the Sidemen?!,2020-06-05,2877919
CBA TO PLAY FIFA 20 ANYMORE,2020-06-04,3998029
Reacting to TheNeedleDrop's Album Review,2020-06-03,3799797
HAHAHAHAHAHAHAHAHAHAHAHAHAHAHAHAHAHA,2020-06-01,4159008
Laughing at Baldski Memes,2020-05-28,5979783
I Got Threatened by a 12 year old,2020-05-27,4244203
Stop Doing This Please,2020-05-26,2821650
Listening To KPOP And The 1975 For The First Time,2020-05-25,4636501
Reacting To Cap Reactions,2020-05-24,3243916
Playing Fifa 20,2020-05-23,7994754
I'm in a Movie...,2020-05-20,8688909
Youtube Boxing Tier List,2020-05-19,6379676
“Jake Paul makes better music”,2020-05-18,4220862
Try Not To Laugh (GOAT EDITION),2020-05-17,16798833
REACTING TO MINIMINTER & RANDY - THE HELIUM SONG,2020-05-16,6019746
I will go bald if...,2020-05-14,2888506
Reacting To Dark Humour TikToks,2020-05-13,9081994
WHAT EVEN IS THIS VIDEO?!?!,2020-05-12,4698272
This Was A Mistake...,2020-05-11,5125688
"Reacting to ""KSI TYPE BEATS"" 2",2020-05-10,3746776
Green Screen Fun!,2020-05-09,4035164
I'M DONE WITH THIS!!!,2020-05-07,5084274
The Perfect Disstrack?,2020-05-06,6080278
Reacting to Houdini Tiktoks,2020-05-05,8191074
FUNNY TRY NOT TO CRINGE,2020-05-04,3743812
Ricegum says he makes better music than me...,2020-05-03,7850136
Speaking to Babatunde's Friend,2020-05-01,3552292
TRY NOT TO LAUGH DANK MEMES,2020-04-30,18392629
I'm balding...,2020-04-29,6852008
Reacting To Houdini Reactions,2020-04-28,8103287
enjoy this jump scare - Sophie’s Curse,2020-04-27,2969437
ONE ROAST GO,2020-04-26,5097099
FUNNY MEMES: HOW'S MY FORM? (TikTok),2020-04-25,7509076
"""How To Be KSI""",2020-04-24,6815839
THE RAGE RETURNS - Jump King,2020-04-23,5497315
Confronting A Hater,2020-04-22,3142922
IMPOSSIBLE TRY NOT TO LAUGH,2020-04-22,11905097
REACTING TO EVERY DISSTRACK AT ME,2020-04-19,18794556
The Winner Of The Poppin Challenge Is...,2020-04-17,4361926
REACTING TO THE FUNNIEST JOKES!,2020-04-11,3826019
Who's Winning The Poppin Challenge?,2020-04-09,6811871
DAX HAS ENTERED MY POPPIN CHALLENGE?!?!,2020-04-07,4753163
I CAN'T BELIEVE HE DID THIS,2020-04-05,3885879
This Challenge Is HILARIOUS...,2020-04-04,6949887
PEOPLE THINK MY NEW SONG IS TRASH!?!?,2020-03-30,3635354
Reacting To My Old Raps,2020-03-29,4459595
Rating My Best And Worst Songs,2020-03-27,6968319
He Dissed My Family...,2020-03-24,5299653
The world has gone mad...,2020-03-20,6110719
I messed up...,2020-03-09,5456950
Do I Bully The Sidemen?,2020-03-02,9079392
Giving A Virgin Advice,2020-02-22,3807691
THE MOST DANGEROUS SPORT IN THE WORLD: NFL,2020-02-22,6338428
Reacting To Logan Paul's Diss Track,2020-02-18,10108957
I’m Disappointed.,2020-02-11,5053352
My First TikTok...,2020-02-03,5610110
Someone pretends to be KSI...And it works!!!,2020-01-29,7076500
The Weird Side Of Youtube,2020-01-21,5676032
JAKE PAUL IS WASHED UP,2020-01-17,7069154
STOP DOING THIS!!!,2020-01-06,5640496
Reacting To KSI TikToks,2019-12-30,15217073
Logan Paul's Insta DM's Before Our Fight,2019-12-19,10847516
Logan Paul's Appeal Got REJECTED,2019-12-17,13039214
Laughing At Youtubers That Said Logan Paul Would Win,2019-11-27,16900774
Discounts On Everything!,2019-11-27,1962538
Logan Paul Is A Sore Loser,2019-11-19,7627798
Arguing With A Logan Paul Fan About The Fight,2019-11-18,6992205
Reacting to KSI Vs Logan Paul Memes,2019-11-17,16690923
Before I fight Logan Paul...,2019-11-06,3751801
LAUGHING AT: FOUSEY AND DAX,2019-10-01,10666433
Oh no...,2019-09-21,6685102
Reacting to the KSI vs Logan Paul US Press Conference,2019-09-19,4583756
LAUGHING AT: ALEX WASSABI V2,2019-08-27,9846635
Arguing with A Fan - ONE QUESTION GO,2019-08-10,3877254
I have to make an adult movie because of this...,2019-08-09,5819651
Reacting To Lil Bored's Edits Of Me,2019-08-08,6185543
SHREDDING SEASON!!!,2019-07-13,5525001
DEJI VS JAMES CHARLES,2019-05-15,6830499
EXPLAIN THIS?!?!,2019-04-28,6660233
BIG COMPETITION,2019-04-27,1406154
Jake Paul Tried it...,2019-04-18,3525420
I'm Still Posting On This Channel?,2019-04-12,2444519
My Best Friend Betrayed Me,2019-04-03,6026556
My Bro Gets His Own Back,2019-03-30,6442159
THIS MADE US JUMP!!,2019-03-29,3398778
Reacting to Jake Paul Vs Joe Weller,2019-03-28,14509561
Playing A Logan Paul Simulator With My Bro...,2019-03-27,4878031
THIS IS SO WEIRD WTH,2019-03-26,2715912
TRY TO MAKE ME LAUGH (OMEGLE),2019-03-25,16551059
I BEAT PEWDIEPIE IN...,2019-03-24,4228738
EXPOSING MY FIRST EVER LYRICS,2019-03-23,1651622
1 Laugh = $1000,2019-03-22,9064387
HIS PARENTS CAME IN!! (OMEGLE),2019-03-21,9033517
I CAN'T STOP LAUGHING,2019-03-20,10011828
SHANE DAWSON IS A...,2019-03-19,5022934
"SIDEMEN REACT to my NEW $500,000 BEERUS CHAIN",2019-03-18,13115935
THE MOST DANGEROUS SPORT IN THE WORLD: RUGBY,2019-03-17,6571778
ONE QUESTION GO RETURNS!!!,2019-03-16,3640533
TRY NOT LAUGH (RANDOM EDITION),2019-03-15,15004790
MY TOP 5 DISSTRACKS,2019-03-14,3157820
TRY NOT TO LAUGH (DAX EDITION),2019-03-13,9318996
TRY NOT TO WEIRD CHALLENGE,2019-03-12,2812112
Bringing people back to life?,2019-03-11,4418478
I can't react to this fam...,2019-03-10,9032975
YOU LAUGH YOU PUNCH ft Viddal Riley,2019-03-02,8430948
HELPING PEWDIEPIE BEAT T-SERIES,2019-03-01,4382137
BIG ANNOUNCEMENT INCOMING!!!,2019-02-28,2229226
TRY NOT TO LAUGH (ULTIMATE EDITION),2019-02-27,21169682
TRY NOT TO PERISH CHALLENGE,2019-02-26,22539587
Flying Dax to England to Fight,2019-02-25,8336997
Kid wanted me to do his School Homework,2019-02-24,4376401
"Responding to Logan Paul, Jake Paul and Dax",2019-02-23,8509952
I can't believe it's real...,2019-02-22,6187264
Well...That was weird,2019-02-21,3692908
Blind Youtuber Reads Fan Mail,2019-02-20,1436456
MISSION FAILED MEMES,2019-02-19,9503786
a very sober video.,2019-02-18,5401915
Who is funnier?,2019-02-17,3063782
AWKWARD KISSING,2019-02-16,12002381
YOU LAUGH YOU SLAP,2019-02-15,3384770
My Valentine?,2019-02-14,3914988
Reacting to KSI Edits?,2019-02-13,11775327
HE ACTUALLY DID IT?!,2019-02-12,6792487
LAUGHING AT: DAX,2019-02-11,6898053
STRENGTH TEST WITH ETHAN,2019-02-10,8036718
KSI IS FAT NOW?,2019-02-09,11828355
I CBA,2019-02-08,4327491
Training For My Next Fight (WII BOXING),2019-02-07,3867210
STOP WITH THE HAIRLINE MEMES,2019-02-06,5960179
GUESS HER AGE?,2019-02-04,18736125
THE RACISM TEST,2019-02-03,9386340
"Reacting to ""KSI TYPE BEATS""",2019-02-02,6286530
Reacting To Weird Facebook Videos,2019-02-01,8751858
I Spoke To A Fan's MUM and...,2019-01-31,4422034
This Has Gone Too Far...,2019-01-30,5290127
It's finally done,2019-01-29,2885624
The Old KSI,2019-01-28,13043646
OFFENSIVE COMMERCIALS,2019-01-27,8597780
TOP 5 WORST APPS,2019-01-26,8053421
If you can't beat them...,2019-01-25,5549626
KSI AND DEJI DO DUOS ON FORTNITE,2019-01-24,8750970
I SPOKE TO MAXIMILLIANMUS (OH YEAH YEAH GUY),2019-01-23,7494081
KSI VS QUADECA - FIFA 19,2019-01-22,3425323
THIS IS RUINING YOUTUBE,2019-01-21,3759858
That's How Mafia Works,2019-01-20,5562704
FIFA 19 TOP 10 GOALS OF THE MONTH,2019-01-18,2564430
Racism In Fortnite,2019-01-17,7427397
KFC MUKBANG,2019-01-16,15830348
I Let My FANS Call Me,2019-01-15,5443567
I have a son?,2019-01-14,8252328
JOE WELLER EXPOSES ME?!,2019-01-13,7505983
NINJA VS TFUE - Who is better at Fortnite?,2019-01-12,7188461
KSI Opens FIFA 19 TOTY Packs!!,2019-01-12,6884861
This Game Is Terrible!!!,2019-01-11,6706142
SALTY COMPILATION,2019-01-10,17504037
Logan Paul Raps My Song,2019-01-09,3802612
Joe Weller Is Done,2019-01-08,4548599
REACTING TO THE KSI REDDIT PAGE,2019-01-07,8354927
IT'S FINALLY OVER?,2019-01-06,8628406
1 LAUGH = 1 PUNCH,2019-01-05,8976074
Reacting to Logan Paul's End Of Year Video,2019-01-04,7736876
Reacting To Deji Going On Impaulsive,2019-01-03,11657053
Watching Weird Videos,2019-01-02,18556313
Guess Who's Back,2018-12-31,3766288
SHARK ATTACK!!,2017-02-14,466771
LEAVE DA MAP!!,2017-02-13,622494
LETS TRY AGAIN!,2017-02-12,302710
MENTAL DEATH RUN!!,2017-02-10,317389
THE SUPERBALL,2017-02-08,1073036
NEW GAME IDEA,2017-02-05,481528
I HATE EVERYONE,2017-02-02,1795718
I AM JAWZ,2017-02-01,421791
WAVEY WAVES FAM,2017-01-31,1256025
3 STROKES ONLY!!!,2017-01-31,564978
Murder She Wrote...,2017-01-30,442238
GTA IS BACK BABY!!!!,2017-01-29,1712603
MARIO DEATH RUN!,2017-01-29,450914
NEW DEAD BY DAYLIGHT MAP!!,2017-01-28,251579
REVENGE,2017-01-28,374250
NEW KILLER!,2017-01-27,332750
STARS,2017-01-27,275576
SO CLOSE,2017-01-26,377515
FUNNIEST SESSION EVER!!!!,2017-01-25,610899
It's Over For Us.,2017-01-25,228232
IM SCARED!!,2017-01-21,285796
THERE IS NO ESCAPE!,2017-01-20,418842
NEW MAP!?!?!?,2017-01-20,625835
BE ONE WITH THE BALL!,2017-01-18,407004
I CANT STOP WINNING!!!,2017-01-16,462763
THIS IS IT!!!,2017-01-15,608035
IM DOING WELL OMG!!,2017-01-14,604104
Hehehe,2017-01-14,486827
IS THIS CHEATING?,2017-01-13,494150
STOP CHASING ME!!!,2017-01-13,458937
Here We Go Again!!,2017-01-12,419820
I Hate My Life...,2017-01-11,275651
WTF IS HAPPENING!?!?!??!,2017-01-10,564502
OH NOOOOO,2017-01-09,737747
GOLF AND TINGS,2017-01-08,400557
OVERWATCH - STEAMING THROUGH!,2017-01-08,453056
OVERWATCH - FFS,2017-01-07,805399
OH F***,2017-01-07,406132
IT'S COLD TODAY...,2017-01-07,375126
OVERWATCH - WHAT DID I GET?,2017-01-06,694826
THIS IS SO FUNNY,2017-01-06,1075397
OVERWATCH - ROAD TO DIAMOND!!!,2017-01-05,1494393
WHY THEY TRYNA KILL ME,2017-01-05,429672
I'M AN AMAZING KILLER!,2017-01-04,462913
YOU GET TO DIE YAY!,2017-01-03,811091
How Well Do My Parents Know Me?,2017-01-02,14569104
Call me Tiger Woods.,2016-12-16,414783
MANTLE!!!,2016-12-16,221397
TROLLING!!,2016-12-16,356370
A LOT OF DEATH,2016-12-16,212076
I'M RICH!!!,2016-12-15,2323980
NEW EP OUT NOW!!,2016-10-28,282862
IM BACK!!,2016-10-11,383471
THIS IS TERRIFYING,2016-10-06,243162
SAVE ME!!!,2016-10-05,211132
SLENDERMAN MULTIPLAYER,2016-10-03,558577
SMALL BALLS!!,2016-10-03,1000183
GTA V | CAR FOOTBALL?,2016-09-24,625020
NEW GHOST!!!,2016-09-23,325471
OH NO,2016-09-22,390237
WHY AM I BAD!?!?,2016-09-21,470515
STILL TROLLING HARD,2016-09-21,556098
NIGGA SHARK TIME,2016-09-20,393130
BIG BALL GOLF!!,2016-09-19,678713
IM SUCH A TROLL,2016-09-18,711027
SHARK ATTACK,2016-09-17,339623
I CAN'T BREATH HAHAHA,2016-09-07,1195799
GOLF ON ICE?!?!?!,2016-09-06,465376
DON'T KILL ME PLEASE!!!,2016-09-06,427749
CARDS AGAINST HUMANITY HAHA,2016-09-05,765260
HOLY CRAP!! | GTA V,2016-09-04,1021582
I SEE DEAD PEOPLE,2016-09-02,426810
BIG TINGS | GTA V,2016-09-02,494230
DRAW MY THING HAHAHAHA,2016-09-01,919015
FML | GTA V,2016-08-31,1195273
THE INVISIBLE KILLER,2016-08-30,464369
ETHAN THE MURDERER,2016-08-28,481884
JOSH IS SO BAD LOOOL - GTA V,2016-08-27,1129273
COME GET ME,2016-08-25,508217
NEW GOLF GAME!,2016-08-24,585143
TIME TO KILL AGAIN!!,2016-08-22,649503
GOLF TIME BABY!!!,2016-08-21,744624
THIS IS MAD | GTA V,2016-08-20,436425
FFS LOL,2016-08-19,476021
GTA EXTRAVAGANZA!!,2016-08-18,537118
I'M GOING TO KILL THEM ALL,2016-08-17,607303
OVERWATCH IS BACK,2016-08-16,1395280
GTA V IS BACK!!!,2016-08-15,2193505
RAHHH,2016-07-22,750371
THE BETRAYAL!!!,2016-07-10,1402647
GOLF WITH THE MANDEM,2016-07-08,584977
THE FLOOR IS LAVA!!!!!,2016-07-07,622300
OVERWATCH WITH THE SQUAD!!!,2016-07-06,1015373
THIS GAME IS TERRIFYING!!,2016-07-05,1002055
I'm Retarded...,2016-07-04,2209616
MATT DAMON!!!!!,2016-07-03,459286
IT'S BACK!!!,2016-07-02,692180
I CAN'T LADDER,2016-07-01,276038
Back To School,2016-06-27,624926
I CAN'T BREATHE!!!,2016-06-25,439295
MY TEAM SUCKS FFS,2016-06-24,1209987
It's Mad,2016-06-23,585672
SO FUNNYYY,2016-06-21,588382
I'M GETTING BETTER!!,2016-06-08,907394
UFC OWNING!!,2016-05-31,2796302
NEW OLYMPIC EVENT!!!,2016-05-26,2254437
CRASH BANDICOOT DEATHRUN!!!,2016-05-25,388363
THESE CARDS LOL,2016-05-24,518116
NEW GAME!!!,2016-05-23,520649
TOOO FUNNY!!,2016-05-17,1107739
LOOOOOOOOOOOOOOL,2016-05-15,663742
SPACE TINGS,2016-04-26,619859
Amsterdam Music Trip,2016-02-28,568620
PIANO SKILLS!!!!,2015-12-25,1398852
We Need To Talk...,2015-12-24,1273368
LOOOOOOOOOOOOL!!,2015-12-23,700081
GTA BABY!!!!!!!!!,2015-12-22,2160773
GTA EXTRAVAGANZAAAAAAA,2015-12-22,1099366
POKER!!!,2015-12-21,401805
MONOPOLY GOES SEXUAL (NOT REALLY),2015-12-20,1629366
MENTAL AVALANCHE,2015-12-16,5601821
QUESTION TIME!!,2015-12-16,799126
CALL OF BASKETBALL!!!,2015-12-15,1035805
RACISM IN CARDS!!,2015-12-15,954175
CANT BELIEVE THAT...,2015-12-09,361240
GTA V | IM KILLING IT!!!,2015-11-21,1664999
GTA V | SLASHER,2015-11-16,1094699
MORE CARDS AGAINST HUMANITY!!!,2015-11-15,360971
GTA V | HOLY MOLY,2015-11-10,928338
DEAD REALM IS SCARY,2015-11-09,583926
SAVAGE,2015-11-07,746867
NEW ZOMBIESSSSSS,2015-11-05,988535
WHO IS THE SMARTEST!??!,2015-11-04,1259265
HALO 5 BABY!!!!!!!!!!!!!!!,2015-11-03,548613
TOUCH ME,2015-10-27,452672
GTA V | GETTING TROLLED,2015-10-26,1079373
GTA V - I AM SO SKILLFUL!!!,2015-10-22,814406
MOUNTING TIME BABY!!!,2015-10-21,321608
GTA V IS BACK MOFOS,2015-10-18,980096
MORE STAR WARSSSSSSS,2015-10-17,412991
MONOPOLY OMFG!!!!,2015-10-16,1625492
STAR WARSSS,2015-10-15,420661
SIDEMEN CARDS AGAINST HUMANITY!!,2015-10-08,844210
DATE WITH A BITCH,2015-10-05,1511655
UFOS?!??! | GTA V,2015-09-30,869110
DEATH RUN!!!!,2015-09-29,427580
GUESS WHO!!!!,2015-09-28,580277
WIN WIN WIN | GTA V,2015-09-25,2150572
MEGA JUMP!!! | GTA V,2015-09-24,2105981
CRAZY LOOPS!! | GTA V,2015-09-23,1153429
LOOOOOOOL | GTA V,2015-09-22,588154
THE BEST SHOT EVER!!!,2015-09-20,992935
I CANT BELIEVE I DID THAT!!! | GTA V,2015-09-19,1327203
COOL RUNNINGS! | GTA V,2015-09-18,665498
HOW DID HE KILL ME!?!?!,2015-09-17,692262
I WON A RACE!!! | GTA V,2015-09-17,1743227
PLAYING WORMS!!!!,2015-09-15,320714
THE END | Until Dawn | Part 13,2015-09-14,858757
What's that noise? | Until Dawn | Part 12,2015-09-13,586408
"FFS, I CBA!!!!!! | Until Dawn | Part 11",2015-09-12,715941
I HAVE TO KILL MYSELF!?!? | Until Dawn | Part 10,2015-09-11,656645
I REALLY MESSED UP | Until Dawn | Part 9,2015-09-10,668998
She's in a towel...Only... | Until Dawn | Part 8,2015-09-09,986616
CRAZY GOLF BABY!!!,2015-09-09,515054
OMGGG | Until Dawn | Part 7,2015-09-08,605040
MOST OFFENSIVE CARDS AGAINST HUMANITY EVER!!!,2015-09-08,4993180
THIS GAME IS MAD | Until Dawn | Part 6,2015-09-07,676155
The Olympics #3,2015-09-07,1466345
HOLY CRAP | Until Dawn | Part 5,2015-09-07,741548
WHAT A GAME!!! | MONOPOLY XBOX ONE,2015-09-06,3774805
INFECTED | MW3,2015-09-05,937785
THIS IS SOME BS!! | Until Dawn | Part 4,2015-09-05,645568
OH BABY! | Until Dawn | Part 2,2015-09-03,889602
Until Dawn | Part 1 | Gameplay/Walkthrough BY KSI,2015-09-03,1240446
HAHAHA | GTA V,2015-08-30,1097980
TOO FUNNY!!! | GTA 5,2015-08-30,1318710
IT'S BACK | MURDER,2015-08-29,733062
I'M ACTUALLY DOING WELL!??! | GTA 5,2015-08-27,1651921
LOOOOOL | GTA 5,2015-08-26,1076862
AM I DUMB!?!?! | Trivial Pursuit,2015-08-25,844512
TIME TO KILL | MURDER,2015-08-24,584401
OMG | CARDS AGAINST HUMANITY,2015-08-23,692360
MOUNT YOUR FRIENDS WITH JOSH AND SIMON!,2015-08-22,508646
ROCKET LEAGUE!!!!!!,2015-08-21,2242594
LOOOOL | Black Ops 2,2015-08-20,649474
BACK PLAYING GTA 5!!!,2015-08-19,1068617
CALL OF DUTY BLACK OPS 3 ONLINE GAMEPLAY,2015-08-18,1452116
PLAYING MONOPOLY (Part 3),2015-08-17,404743
PLAYING MONOPOLY (Part 2),2015-08-16,442911
PLAYING MONOPOLY (Part 1),2015-08-15,935855
THIS IS MAD | Black Ops 2,2015-08-14,568297
The Olympics #2,2015-08-07,1576373
The Olympics #1,2015-08-06,1358561
Cards Against Humanity,2015-07-20,916462
The Order 1886 Playthrough Gameplay (Part 5),2015-05-05,449641
The Order 1886 Playthrough Gameplay (Part 4),2015-05-04,192417
BATTLEFIELD HARDLINE PLAYTHROUGH (PART 4),2015-05-02,483194
The Order 1886 Playthrough Gameplay (Part 3),2015-05-01,275140
The Order 1886 Playthrough Gameplay (Part 2),2015-04-30,343086
The Order 1886 Playthrough Gameplay (Part 1),2015-04-29,563978
BATTLEFIELD HARDLINE PLAYTHROUGH (PART 3),2015-04-28,339060
MORTAL KOMBAT X PLAYTHROUGH (ENDING),2015-04-27,1139963
BATTLEFIELD HARDLINE PLAYTHROUGH (PART 2),2015-04-26,375122
MORTAL KOMBAT X PLAYTHROUGH (PART 11),2015-04-26,701342
BATTLEFIELD HARDLINE PLAYTHROUGH (PART 1),2015-04-25,627193
MORTAL KOMBAT X PLAYTHROUGH (PART 10),2015-04-25,764919
MORTAL KOMBAT X PLAYTHROUGH (PART 9),2015-04-24,692853
MORTAL KOMBAT X PLAYTHROUGH (PART 8),2015-04-23,681956
MORTAL KOMBAT X PLAYTHROUGH (PART 7),2015-04-23,739875
MORTAL KOMBAT X PLAYTHROUGH (PART 6),2015-04-22,758555
MORTAL KOMBAT X PLAYTHROUGH (PART 5),2015-04-21,787084
MORTAL KOMBAT X PLAYTHROUGH (PART 4),2015-04-20,955827
MORTAL KOMBAT X PLAYTHROUGH (PART 3),2015-04-19,1020954
MORTAL KOMBAT X PLAYTHROUGH (PART 2),2015-04-18,1122032
MORTAL KOMBAT X PLAYTHROUGH (PART 1),2015-04-17,2455120
Hello there!,2015-01-18,1874341
KSIOlajidebt Plays | MORE CRAZY GOLF!! (Part 2),2014-10-25,1099259
KSIOlajidebt Plays | MORE CRAZY GOLF!!,2014-10-24,1196976
KSIOlajidebt Plays | MORE GOLF WITH THE SIDEMEN,2014-10-17,687679
KSIOlajidebt Plays | MORE HAPPY WHEELS!!!,2014-10-16,5374523
KSIOlajidebt Plays | Titanic Kissing Game,2014-10-15,1605725
KSIOlajidebt Plays | 3D Ultra Minigolf WITH SIDEMEN,2014-10-14,632787
KSIOlajidebt Plays | I AM A FRIDGE,2014-10-14,1832870
KSIOlajidebt Plays | 7 Days,2014-10-13,701631
KSIOlajidebt Plays | Smoking Simulator,2014-10-12,4909426
KSIOlajidebt Plays | THUMB WARZ CHAMPIONSHIP,2014-10-12,695594
KSIOlajidebt Plays | Whack The Thief,2014-10-11,4566199
Drawing Stuff,2014-10-11,565252
DRAWING EBOLA!?!?!,2014-10-10,1967564
OMG THIS GAME FREAKS ME OUT!! |  FeedTheHead,2014-10-10,1873532
REACTION TEST,2014-10-09,1200719
SANIC ADVENTURE,2014-10-08,991955
UFC ONLINE BABY!!!,2014-10-07,1488521
GIRL ON GIRL UFC!!!!,2014-10-06,1283513
JUST CLICK!!!,2014-10-05,783394
HAPPY WHEELS BABY!!!,2014-10-04,1213315
I dont even know... | Paradigm,2014-10-04,3618862
NAAAA MATE | Whiskas.exe,2014-10-03,758700
EVIL SONIC SUCKS | Whiskas.exe,2014-10-02,722394
THE ULTIMATE DRAWER!!!,2014-10-01,1376953
DRAW MY THANG!!!,2014-09-26,1308811
I AM DOLPHIN,2014-09-23,860512
THE WORLDS STRONGEST MAN!!,2014-09-21,2369460
Monkeys and Bananas!,2014-09-20,847671
DON'T LET GO!!!,2014-09-19,7277870
BUTT SMELLING!!,2014-09-18,1636173
LLAMA ATTACK!!!,2014-09-18,705388
FARTING MADNESS!!!,2014-09-17,933576
SMACKING MILEY!,2014-09-16,1614961
KSI Plays | Stealing The Diamond!!,2014-09-15,3735760
KSI Plays | THE MATRIX WITH OCULUS RIFT!!!,2014-09-11,2386960
KSIOlajidebt Plays | Realistic Summer Sports Simulator!!,2014-09-11,1445786
KSI Plays | TEXT AND DRIVE,2014-09-10,5447202
KSIOlajidebt Plays | Black Ops One With Sidemen,2014-09-08,1224013
KSI Plays | HOW TO POO!!!,2014-09-08,3140897
KSI Plays | THE BEST GAME EVER EVER,2014-09-07,2543789
KSI Plays | Whack Your Ex,2014-09-07,8378643
KSI Plays | White Noise Online With Sidemen,2014-09-06,737119
KSI Plays | Heart Surgery,2014-09-06,1818391
KSI Plays | Whack Your Boss,2014-09-05,8037090
KSI Plays | Trollface Quest 3,2014-09-05,1786953
KSI Plays | HOW TO KISS!,2014-09-04,3249026
KSI Plays | Dating Simulator #3,2014-09-03,3079137
KSI Plays | Dating Simulator #2,2014-09-03,2274742
KSI Plays | Ragdoll Olympics,2014-09-02,709329
KSI Plays | Dating Simulator #1,2014-09-02,4658764
KSI Plays | Modern Warfare 2 With Sidemen,2014-09-01,1632522
KSI Plays | Worms 2: Armageddon With Sidemen,2014-09-01,830759
KSI Plays | The Forest,2014-08-31,707337
KSI Plays | Rock Simulator,2014-08-31,931625
KSI Plays | Five Nights At Freddy's (Part 2),2014-08-30,1582725
KSI Plays | Five Nights At Freddy's,2014-08-29,4656935
KSI Plays | A RACIST COMPUTER PROGRAM,2014-08-26,26488395
KSI Plays | BOOB SIMULATOR,2014-07-16,5136387
KSIOlajidebt Plays | I WANT IT!!!,2014-07-13,1838890
KSIOlajidebt Plays | Goat Simulator,2014-07-11,1950193
GTA 5 Funny Moments | BLAZING SUPERCARS! (GTA V Online),2014-06-04,1260954
GTA 5 Funny Moments | CRAZY CAPTURE & IMPOSSIBLE RACE!  (GTA V Online),2014-05-26,1503318
OMMGGG 2 CHAINZ!,2014-05-22,13322246
GTA 5 Funny Moments | HIGHEST JUMP & AMAZING RACE!  (GTA V Online),2014-05-20,1422045
GTA 5 Funny Moments | DIE HARD & FIGURE OF 8 (GTA V Online),2014-05-18,774457
GTA 5 Funny Moments | BRIDGE FROM HELL! (GTA V Online),2014-05-16,831540
GTA 5 Funny Moments | POCKET RACER & ROOFTOP STUNTING (GTA V Online),2014-05-15,659790
GTA 5 Funny Moments | FLIPS FLIPS FLIPS! (GTA V Online),2014-05-14,1350583
KSIOlajidebt Plays | I Wanna Save The Kids,2014-05-13,1734702
GTA 5 Funny Moments | PARK IN THE SKY! (GTA V Online),2014-05-12,1073697
GTA 5 Funny Moments | EPIC ROOFTOP STUNTS! (GTA V Online),2014-05-11,904001
"Trials Fusion | MOST INSANE TRACK, FREE KICKS & THE FINAL FRONTIER!",2014-05-09,518031
"Trials Fusion | HORROR MAP, BOWLING & BASEBALL!",2014-05-08,345876
GTA 5 Funny Moments | Big Ass Ramps (GTA V Online),2014-05-07,811640
GTA 5 Funny Moments | Football in GTA 5 & Moto Skill Testing (GTA V Online),2014-05-06,959867
GTA 5 Funny Moments | Epic Roof Jump & Giant Loop (GTA V Online),2014-05-05,700827
GTA 5 Funny Moments | Drunk Explosions (GTA V Online),2014-05-04,779764
GTA 5 Funny Moments | Die Hard & Underwater Fighting (GTA V Online),2014-05-03,631764
GTA 5 Funny Moments | Awesome Army Base Race (GTA V Online),2014-05-01,782668
"Trials Fusion | ZOMBIES, SQUIRRELS, BASKETBALL AND MORE!",2014-04-30,380126
"Trials Fusion | INSANE MAP, DIVING HEADERS & HAMSTER WHEEL!",2014-04-29,388935
GTA 5 Funny Moments | The Tight Squeeze (GTA V Online),2014-04-28,889523
KSIOlajidebt Plays | I Wanna Be The Very Best,2014-04-27,2251652
GTA 5 Funny Moments | Jump The Crane & Happy Bus (GTA V Online),2014-04-25,714698
KSIOlajidebt Plays | GHOST RECON PHANTOMS,2014-04-24,334415
KSIOlajidebt Plays | Trials Fusion,2014-04-23,473727
GTA 5 Funny Moments | Moistest Waves Ever & Loop the Loop! (GTA V Online),2014-04-22,1230493
GTA 5 Funny Moments | Huge Jumps & Moto Madness (GTA V Online),2014-04-21,788977
KSIOlajidebt Plays | Curse of the Aztecs (with ComedyShortsGamer),2014-04-20,996765
GTA 5 Funny Moments | Racing Through Buildings (GTA V Online),2014-04-18,785098
GTA 5 Funny Moments | Tunnel of Love & Jester Racing (GTA V Online),2014-04-17,626438
GTA 5 Funny Moments | Epic Fighter Jet Deathmatch (GTA V Online),2014-04-16,553156
GTA 5 Funny Moments | Flappy Cars & Tunnel Bumming (GTA V Online),2014-04-15,798582
Minecraft | Temple Escape | Episode 4 (with The Sidemen),2014-04-14,424662
KSIOlajidebt Plays | 1916: Der Unbekannte Krieg (with ComedyShortsGamer),2014-04-13,2053502
Minecraft | Temple Escape | Episode 3 (with The Sidemen),2014-04-12,365240
GTA 5 Funny Moments | Epic Race Ending (GTA V Online),2014-04-11,658932
Minecraft | Temple Escape | Episode 2 (with The Sidemen),2014-04-10,351251
Minecraft | Temple Escape | Episode 1 (with The Sidemen),2014-04-09,782605
GTA 5 Funny Moments | The Confusion (GTA V Online),2014-04-08,719475
GTA 5 Funny Moments | Bottleneck (GTA V Online),2014-04-07,611435
GTA 5 Funny Moments | Glitched Prop Deathmatch  (GTA V Online),2014-04-06,1016671
Trials Evolution | Wizard of Oz & Cans (Trials Funny Moments),2014-04-05,434149
GTA 5 Funny Moments | Funny Tractor & Lawnmower Racing!  (GTA V Online),2014-04-04,536450
GTA 5 Funny Moments | Mega Ramp Madness (GTA V Online),2014-04-03,865166
GTA 5 Funny Moments | Graveyard Racing & BMX Rollercoaster (GTA V Online),2014-04-01,665882
GTA 5 Funny Moments | Faggio Rally & Farm Racing (GTA V Online),2014-03-31,796554
GTA 5 Funny Moments | Train Wrecked (GTA V Online),2014-03-29,1019037
Trials Evolution | Crazy Catapults & Movie Watching (Trials Funny Moments),2014-03-28,471759
Trials Evolution | Skiing & Rainbow Road (Trials Funny Moments),2014-03-27,534979
Trials Evolution | First Person Trials (Trials Funny Moments),2014-03-25,573634
Trials Evolution | The Big Balls! (Trials Funny Moments),2014-03-24,902783
GTA 5 Funny Moments | Epic Races! (GTA V Online),2014-03-23,867871
GTA 5 Funny Moments | The Moist Wet Waves Return! (GTA V Online),2014-03-22,995560
Trials Evolution | Front Flip Madness (Trials Funny Moments),2014-03-21,507350
Trials Evolution | I Will Get Better At Trials! (Trials Funny Moments),2014-03-20,468236
GTA 5 Funny Moments | King of the Skyscraper & Epic Racing  (GTA V Online),2014-03-19,1424589
GTA 5 Funny Moments | Longest Bike Race Ever! (GTA V Online),2014-03-18,1664706
GTA 5 Funny Moments | Sky Fighting & Car Park Racing (GTA V Online),2014-03-17,805989
GTA 5 Funny Moments | Race Within a Race! (GTA V Online),2014-03-16,745261
GTA 5 Funny Moments | Getting Better at GTA 5! (GTA V Online),2014-03-15,921585
GTA 5 | Bridge Balance Beam & Racing (GTA V Online Funny Moments),2014-03-13,1151005
GTA 5 | Battle Beam (GTA V Online Funny Moments),2014-03-12,620877
GTA 5 | Bridge of Terror (GTA V Online Funny Moments),2014-03-11,888506
Trials Evolution | Crazy Bailouts (Trials Funny Moments),2014-03-10,393505
Trials Evolution | Headstarts (Trials Funny Moments),2014-03-09,346962
Trials Evolution | I Love Josh's Sweat (Trials Funny Moments),2014-03-08,382647
Trials Evolution | Getting A Little Better? (Trials Funny Moments),2014-03-06,497297
Public Dares,2014-03-05,2744981
"KSIOlajidebt Plays | South Park, The Stick Of Truth",2014-03-04,2032964
GTA 5 | Sandking Challenge (GTA V Online Funny Moments),2014-03-03,775934
GTA 5 | Car Park Racing (GTA V Online Funny Moments),2014-03-02,549057
GTA 5 | Killshot's Day Off (Insane Race) (GTA V Online Funny Moments),2014-03-01,1217919
GTA 5 | Dead Mans Pass & King of the Barge (GTA V Online Funny Moments),2014-02-28,759057
Trials Evolution | I'm SO Bad (Trials Funny Moments),2014-02-26,458298
Trials Evolution | This Game Is Racist (Trials Funny Moments),2014-02-25,476457
GTA 5 | Battle In The Sky (GTA V Online Funny Moments),2014-02-24,939147
GTA 5 | Pirates of the Pond (GTA V Online Funny Moments),2014-02-22,733534
GTA 5 | Stock Car Racing (GTA V Online Funny Moments),2014-02-21,457289
GTA 5 | Police Chase Racing (GTA V Online Funny Moments),2014-02-21,689877
GTA 5 | Duck Hunt & Bar Fighting (GTA V Online Funny Moments),2014-02-18,676510
"Murder | ""SLENDER"" (Garry's Mod)",2014-02-17,514155
GTA 5 | Hide & Seek in the FIB Building (GTA V Online Funny Moments),2014-02-16,1172394
GTA 5 | Survival of the Fittest (GTA V Online Funny Moments),2014-02-15,1603970
GTA 5 | Park Patrol & Breakdancing (GTA V Online Funny Moments),2014-02-14,778181
GTA 5 | Battleships! (GTA V Online Funny Moments),2014-02-13,755463
GTA 5 | Airborne Assault (GTA V Online Funny Moments),2014-02-12,611403
GTA 5 | The Tour of Mt. Chiliad (GTA V Online Funny Moments),2014-02-11,1618237
GTA 5 | Hide & Seek in the Humane Labs (GTA V Online Funny Moments),2014-02-10,1276474
GTA 5 | Farm House Racing (GTA V Online Funny Moments),2014-02-09,564978
GTA 5 | Boulder Dash (GTA V Online Funny Moments),2014-02-08,779382
"GTA 5 | Rap Battle with ""The Crew"" (GTA V Online Funny Moments)",2014-02-07,699212
GTA 5 | 16 Player Racing! (GTA V Online Funny Moments),2014-02-06,862381
GTA 5 | Trolling In Races (GTA V Online Funny Moments),2014-02-05,620350
GTA 5 | Sky Shanking (GTA V Online Funny Moments),2014-02-04,724227
GTA 5 | Windmill Mayhem and Faggio Racing (GTA V Online Funny Moments),2014-02-03,1394482
GTA 5 | The Biggest Jump in GTA 5! (GTA V Online Funny Moments),2014-02-02,1651387
GTA 5 | The Top Gear Mountain Climb Challenge! (GTA V Online Funny Moments),2014-02-01,1099132
GTA 5 | Trials In GTA?! (GTA V Online Funny Moments),2014-01-31,1105186
GTA 5 | Stairway To Heaven! (GTA V Online Funny Moments),2014-01-30,1616197
GTA 5 | The Ambulance Man Cannon Glitch! (GTA V Online Funny Moments),2014-01-29,893041
GTA 5 | Brokeback Mountain (GTA V Online Funny Moments),2014-01-28,1271271
GTA 5 | Amazing GTA Stunts,2014-01-27,778763
"Murder | ""WHY DID YOU BRING A BANANA TO ME?!"" (Garry's Mod)",2014-01-25,1124806
"Murder | ""HOUSE PARTY"" (Garry's Mod)",2014-01-24,523236
GTA 5 | Jumping Over The Army Base! (GTA V Online Funny Moments),2014-01-23,1429808
GTA 5 | The Biggest Troll Race Ever (GTA V Online Funny Moments),2014-01-22,1735633
GTA 5 | Flying BMX's & Blimps (GTA V Online Funny Moments),2014-01-21,1598875
GTA 5 | Jet Plane Racing (GTA V Online Funny Moments),2014-01-20,775930
GTA 5 | QUUUUUUAAAAAAD (GTA V Online Funny Moments),2014-01-19,1016576
GTA 5 | Epic Bridge Battle (GTA V Online Funny Moments),2014-01-18,1192991
Hell's Prison | THE END IS NEAR (Part 3) (Garry's Mod),2014-01-17,319585
Hell's Prison | MASSIVE JUMPSCARE (Part 2) (Garry's Mod),2014-01-16,353821
Hell's Prison | SCARY HORROR MAP (Garry's Mod),2014-01-15,622224
GTA 5 | Jump The Lake (GTA V Online Funny Moments),2014-01-14,1422885
"Making The Cut | ""GOODBYE HAVE A GREAT TIME"" (Garry's Mod)",2014-01-12,418969
GTA 5 | The Army Base Race! (GTA V Online Funny Moments),2014-01-11,1426359
GTA 5 | Meth Lab (GTA V Online Funny Moments),2014-01-10,815951
GTA 5 | James... James Dead (GTA V Online Funny Moments),2014-01-09,837981
"Murder | ""SUPER ATTACK"" (Garry's Mod)",2014-01-08,514785
"Murder | ""I CAN'T PLAY PC GAMES"" (Garry's Mod)",2014-01-07,482772
"Trouble in Terrorist Town | ""SOMETHING NEW"" (Garry's Mod)",2014-01-06,508252
GTA 5 | Adios Airlines (GTA V Online Funny Moments),2014-01-05,757552
GTA 5 | Tank Launch Glitch (GTA V Online Funny Moments),2014-01-04,813175
GTA 5 | Grenade Dodgeball (GTA V Online Funny Moments),2014-01-03,1051033
GTA 5 | Sky High Battle (GTA V Online Funny Moments),2014-01-02,873469
GTA 5 | Too Much Power (GTA V Online Funny Moments),2013-12-31,814258
Prop Hunt | Trolling Simon (Garry's Mod),2013-12-30,539615
GTA 5 | Hunger Games (GTA V Online Funny Moments),2013-12-29,893826
Prop Hunt | Flying Chair (Garry's Mod),2013-12-28,436981
Prop Hunt | I'm A Retard (Garry's Mod),2013-12-27,440204
Prop Hunt | Our First Time (Garry's Mod),2013-12-26,488129
GTA 5 | Figure Of 8 Racing (GTA V Online Funny Moments),2013-12-25,587481
GTA 5 | Spray Spray Spray (GTA V Online Funny Moments),2013-12-24,587111
GTA 5 | Jump Around (GTA V Online Funny Moments),2013-12-22,957102
GTA 5 | Lawnmower Racing (GTA V Online Funny Moments),2013-12-21,736001
GTA 5 | Mount Chiliad Deathrace (GTA V Online Funny Moments),2013-12-20,868907
RACIST KEY FINDER,2013-12-19,1106559
GTA 5 | Golf Course Racing (GTA V Online Funny Moments),2013-12-18,485506
GTA 5 | Fight Club (GTA V Online Funny Moments),2013-12-17,1608297
GTA 5 | The IAA Building (GTA V Online Funny Moments),2013-12-16,766587
GTA 5 | North Yankton Glitch (GTA V Online Funny Moments),2013-12-15,892032
GTA 5 | Airport Fun (GTA V Online Funny Moments),2013-12-14,1237164
GTA 5 | Invisibility Glitch (GTA V Online Funny Moments),2013-12-13,988456
GTA 5 | Cargo Plane Madness (GTA V Online Funny Moments),2013-12-12,1936350
KSIOlajidebt Plays | Battlefield 4 China Rising (Altai Range),2013-12-11,205366
KSIOlajidebt Plays | Battlefield 4 China Rising (Silk Road),2013-12-10,351180
GTA 5 | Human Pacman (GTA V Online Funny Moments),2013-12-10,781682
GTA 5 | Sharkeisha (GTA V Online Funny Moments),2013-12-09,963345
GTA 5 | Rap Freestyles (GTA V Online Funny Moments),2013-12-06,617494
GTA 5 | Rap Battles (GTA V Online Funny Moments),2013-11-30,765303
GTA 5 | Last Man Airbourne (GTA V Online Funny Moments),2013-11-25,1430737
KSIOlajidebt Plays | Tekken Tag Tournament Two (THE REMATCH!),2013-11-17,715284
KSIOlajidebt Plays | Dynasty Warriors 8,2013-11-15,291868
KSIOlajidebt Plays | Gears of War: Judgment,2013-11-14,232259
KSIOlajidebt Plays | Girl Fight,2013-11-13,1013355
KSIOlajidebt Plays | Real Horror Stories,2013-11-11,732667
KSIOlajidebt Plays | One Late Night,2013-11-10,2600819
KSIOlajidebt Plays | Ampu-tea (Part 2),2013-11-09,336302
KSIOlajidebt Plays | Dead Rising 3 (Xbox One Gameplay),2013-11-09,786645
KSIOlajidebt Plays | Paranormal Shark Activity,2013-11-08,676183
KSIOlajidebt Plays | Handless Millionaire,2013-11-08,1640273
KSIOlajidebt Plays | Who Wants To Be A Millionaire?,2013-11-07,1604001
KSIOlajidebt Plays | Ampu-tea,2013-11-07,686532
KSIOlajidebt Plays | Bowman 2,2013-11-06,1511209
KSIOlajidebt Plays | Space Is Key Hell,2013-11-05,464890
KSIOlajidebt Plays | Douchebag Workout 2 (Part 2),2013-11-04,2229534
KSIOlajidebt Plays | FPS Man,2013-11-04,708180
KSIOlajidebt Plays | The Stanley Parable (Part 5),2013-11-03,390662
KSIOlajidebt Plays | Spongebob Slendypants,2013-11-03,1411816
KSIOlajidebt Plays | Among The Sleep (Part 2),2013-11-02,454367
KSIOlajidebt Plays | KFC Kitchen,2013-11-02,3661609
KSIOlajidebt Plays | Among The Sleep,2013-11-01,798629
KSIOlajidebt Plays | Disorderly,2013-10-31,907980
KSIOlajidebt Plays | The Stanley Parable (Part 4),2013-10-31,399212
KSIOlajidebt Plays | Douchebag Workout 2,2013-10-30,3415884
KSIOlajidebt Plays | The Stanley Parable (Part 3),2013-10-30,453759
KSIOlajidebt Plays | The Stanley Parable (Part 2),2013-10-29,613432
KSIOlajidebt Plays | Boson X (Part 2),2013-10-28,388043
KSIOlajidebt Plays | The Stanley Parable,2013-10-28,1108029
KSIOlajidebt Plays | Pesadelo (Part 2),2013-10-27,279480
KSIOlajidebt Plays | Pesadelo,2013-10-26,513932
KSIOlajidebt Plays | Sonic.exe,2013-10-25,1504626
KSIOlajidebt Plays | Boson X,2013-10-25,835509
KSIOlajidebt Plays | Outlast (Part 10),2013-10-24,533749
KSIOlajidebt Plays | Golden Shower,2013-10-24,1330364
KSIOlajidebt Plays | Give Up,2013-10-23,1847091
KSIOlajidebt Plays | Call of Bieber,2013-10-23,1246406
KSIOlajidebt Plays | Outlast (Part 9),2013-10-22,470071
"KSIOlajidebt Plays | Happy Wheels | ""GRAB THE COIN""",2013-10-22,364194
KSIOlajidebt Plays | Outlast (Part 8),2013-10-21,582988
KSIOlajidebt Plays | Distraction,2013-10-21,820851
KSIOlajidebt Plays | Are You Dumb?,2013-10-20,2376651
KSIOlajidebt Plays | Insert Title Here,2013-10-20,1196917
"KSIOlajidebt Plays | Happy Wheels | ""HEART DONATION""",2013-10-19,886154
KSIOlajidebt Plays | Kitty Cannon,2013-10-19,915342
KSIOlajidebt Plays | Supra Mayro Kratt,2013-10-18,1153543
KSIOlajidebt Plays | The Impossible Quiz Book (Part 4),2013-10-18,809286
KSIOlajidebt Plays | The Impossible Quiz Book (Part 3),2013-10-17,977458
"KSIOlajidebt Plays | Happy Wheels - ""WRECKING BALL""",2013-10-17,818660
Parkour,2013-10-16,9099102
KSIOlajidebt Plays | The Impossible Quiz Book (Part 2),2013-10-16,1288948
KSIOlajidebt Plays | Kiss Kiss | KISSING TIME!!! (Part 3),2013-10-16,1319668
KSIOlajidebt Plays | The Impossible Quiz Book,2013-10-15,2398185
KSIOlajidebt Plays | Kiss Kiss (Part 2),2013-10-15,1056685
KSIOlajidebt Plays | Kiss Kiss,2013-10-14,2757718
KSIOlajidebt Plays | Slender: The Arrival (Part 5),2013-10-14,323627
KSIOlajidebt Plays | 2QWOP,2013-10-13,2074000
KSIOlajidebt Plays | Slender: The Arrival (Part 4),2013-10-13,310890
KSIOlajidebt Plays | Slender: The Arrival (Part 3),2013-10-12,398203
KSIOlajidebt Plays | Slender: The Arrival (Part 2),2013-10-12,519828
KSIOlajidebt Plays | Slender: The Arrival,2013-10-11,1321742
"KSIOlajidebt Plays | Man, I Hate That Indie Game",2013-10-11,1953045
KSIOlajidebt Plays | Scare Me,2013-10-09,1087322
KSIOlajidebt Plays | Tokyo Hosto (Part 4),2013-10-08,665689
KSIOlajidebt Plays | Escape The Car,2013-10-07,3231442
KSIOlajidebt Plays | Tokyo Hosto (Part 3),2013-10-06,711036
KSIOlajidebt Plays | Tokyo Hosto (Part 2),2013-10-04,830084
KSIOlajidebt Plays | Tokyo Hosto,2013-10-03,1515821
KSIOlajidebt Plays | Cassie's Animal Sounds,2013-10-01,584462
KSIOlajidebt Plays | Outlast (Part 7),2013-09-25,546945
KSIOlajidebt Plays | Outlast (Part 6),2013-09-24,564838
KSIOlajidebt Plays | Outlast (Part 5),2013-09-22,738255
KSIOlajidebt Plays | Death Unknown (Part 2),2013-09-22,509145
GTA V | Playing Some Tennis,2013-09-21,2462164
KSIOlajidebt Plays | Death Unknown,2013-09-19,877454
KSIOlajidebt Plays | Outlast (Part 4),2013-09-16,836828
KSIOlajidebt Plays | Outlast (Part 3),2013-09-15,977516
KSIOlajidebt Plays | Outlast (Part 2),2013-09-14,1203450
"Say It, Don't Spray It",2013-09-14,1502833
KSIOlajidebt Plays | Outlast (Part 1),2013-09-13,2361954
Morning Glory Problems,2013-09-13,1282073
KSIOlajidebt Plays | Vapour,2013-09-12,530202
KSIOlajidebt Plays | Minotaur Maze,2013-09-11,576345
Amazing Grace,2013-09-07,496399
Hotel Water,2013-09-03,1907973
KSIOlajidebt Plays | Divekick,2013-09-02,558735
"KSIOlajidebt Plays | Hide & Seek (Minecraft Mini Game with Zerkaa, Miniminter, TBJZL & Behzinga)",2013-08-29,2024389
"KSIOlajidebt Plays | Payday 2 (Jewelry Store Heist with Zerkaa, Miniminter & TBJZL)",2013-08-28,420021
Snapchat,2013-08-27,1825560
"KSIOlajidebt Plays | Splegg (Part 2) (Minecraft Mini Game with Zerkaa, Miniminter, TBJZL & Behzinga)",2013-08-25,423491
"KSIOlajidebt Plays | Payday 2 (Mallcrasher Heist with Zerkaa, Miniminter & TBJZL)",2013-08-24,313694
"KSIOlajidebt Plays | Splegg (Minecraft Mini Game with Zerkaa, Miniminter, TBJZL & Behzinga)",2013-08-22,733972
"KSIOlajidebt Plays | Payday 2 (Nightclub Heist with Zerkaa, Miniminter & TBJZL)",2013-08-20,852168
KSIOlajidebt Plays | Gears of War (Part 3),2013-08-19,160204
KSIOlajidebt Plays | Gears of War 3 (Part 2),2013-08-18,169533
KSIOlajidebt Plays | Gears of War 3,2013-08-17,338406
KSIOlajidebt Plays | Toilet Simulator,2013-08-16,1181890
KSIOlajidebt Plays | WWE '13 (No Infinite Finishers),2013-08-15,2084122
KSIOlajidebt Plays | WWE '13 (Divas Cage Match),2013-08-14,3836765
KSIOlajidebt Plays | WWE '13,2013-08-13,3844502
The Spider Chronicles,2013-08-12,1254601
KSIOlajidebt Plays | Disturbing Monster Battles Universe,2013-08-11,1080472
KSIOlajidebt Plays | Illusion: Ghost Killer,2013-08-10,1157470
KSIOlajidebt Plays | Stairs (Part 3),2013-08-09,563664
KSIOlajidebt Plays | Stairs (Part 2),2013-08-08,1179421
KSIOlajidebt Plays | Stairs (Part 1),2013-08-07,1204985
My Time with TV...,2013-08-06,1352927
KSIOlajidebt Plays | Tekken Tag Tournament 2,2013-08-05,1189872
KSIOlajidebt Plays | Cold Fusion (Part 2),2013-08-02,359787
KSIOlajidebt Plays | Cold Fusion,2013-08-01,938417
KSIOlajidebt Plays | Ghost Recon Online,2013-07-19,379695
Bored.,2013-07-14,1757550
KSIOlajidebt Plays | Anonymous Messages,2013-07-09,887457
KSIOlajidebt Plays | DBZ: Ultimate Tenkaichi,2013-07-07,1345332
KSIOlajidebt Plays | Labyrinth,2013-07-05,1311305
KSIOlajidebt Plays | Happy Wheels (Prehistoric Pilgrim),2013-06-29,515367
SCARY GAMES MONTAGE (JUMPSCARES),2013-06-27,7607722
KSIOlajidebt Plays | The Perfect Pick Up Line,2013-06-26,1571170
KSIOlajidebt Plays | Don't Die Pluto,2013-06-25,917611
KSIOlajidebt Plays | Mount Your Friends,2013-06-24,2138638
KSIOlajidebt Plays | Pizza Delivery v0.2 (Part 2),2013-06-23,1058906
KSIOlajidebt Plays | Pizza Delivery v0.2,2013-06-22,2001751
KSIOlajidebt Plays | Slime Soccer,2013-06-21,1763388
KSIOlajidebt Plays | The Midnight Man,2013-06-20,1417046
KSIOlajidebt Plays | Eyes,2013-06-19,1753640
KSIOlajidebt Plays | Dead or Alive: Xtreme 2,2013-06-18,1855404
KSIOlajidebt Plays | Jeff The Killer,2013-06-17,1646903
KSIOlajidebt Plays | Cellar Door,2013-06-05,928942
KSIOlajidebt Plays | SlenderSpace (Part 2),2013-06-03,423992
KSIOlajidebt Plays | SlenderSpace,2013-06-02,799989
KSIOlajidebt Plays | Cry Of Fear #7,2013-05-31,461857
KSIOlajidebt Plays | Sniper Elite: Nazi Zombie Army #6,2013-05-31,142889
KSIOlajidebt Plays | Cry Of Fear #6,2013-05-30,369706
KSIOlajidebt Plays | Cry Of Fear #5,2013-05-29,419630
KSIOlajidebt Plays | Cry Of Fear #4,2013-05-28,492372
KSIOlajidebt Plays | Sniper Elite: Nazi Zombie Army #5,2013-05-27,139383
KSIOlajidebt Plays | Happy Wheels | Silent City,2013-05-26,841185
KSIOlajidebt Plays | Sniper Elite: Nazi Zombie Army #4,2013-05-25,156278
KSIOlajidebt Plays | Happy Wheels | Fatman Escape 3,2013-05-24,439879
KSIOlajidebt Plays | Get On Top #1,2013-05-23,4478101
KSIOlajidebt Plays | Trials (Custom Maps) with Zerkaa Tobi & JayEx23,2013-05-22,653791
KSIOlajidebt Plays | Cat Mario 3 #2,2013-05-21,671487
KSIOlajidebt Plays | Sniper Elite: Nazi Zombie Army #3,2013-05-20,176762
KSIOlajidebt Plays | Sniper Elite: Nazi Zombie Army #2,2013-05-19,208366
KSIOlajidebt Plays | Cat Mario 3 #1,2013-05-18,1215309
KSIOlajidebt Plays | Sniper Elite: Nazi Zombie Army #1,2013-05-17,474362
KSIOlajidebt Plays | Happy Wheels #7,2013-05-16,442439
KSIOlajidebt Plays | Cry Of Fear #3,2013-05-16,533537
KSIOlajidebt Plays | Cry Of Fear #2,2013-05-15,634968
KSIOlajidebt Plays | Cry Of Fear #1,2013-05-14,1150621
KSIOlajidebt Plays | Surgeon Simulator #3,2013-05-13,624825
KSIOlajidebt Plays | Surgeon Simulator #2,2013-05-12,759299
KSIOlajidebt Plays | Surgeon Simulator #1,2013-05-11,1518612
KSIOlajidebt Plays | Akinator (Part 3),2013-05-11,2882328
KSIOlajidebt Plays | Akinator (Part 2),2013-05-10,4089371
KSIOlajidebt Plays | Akinator (Part 1),2013-05-09,9760883
KSIOlajidebt Plays | Happy Wheels #6,2013-05-08,526032
KSIOlajidebt Plays | Happy Wheels #5,2013-05-07,575216
KSIOlajidebt Plays | Mario Motorcross,2013-05-06,1018389
KSIOlajidebt Plays | Happy wheels #4,2013-05-04,1093706
KSIOlajidebt Plays | Minecraft | ShrinkCraft #2,2013-04-18,459340
What Is It Like To Be Black (Bloopers),2013-04-17,1858287
KSIOlajidebt Plays | Minecraft | ShrinkCraft #1,2013-04-03,812940
KSIOlajidebt Plays | Draw My Thing #5,2013-03-29,1123408
KSIOlajidebt Plays | Mental Hospital,2013-03-25,2811903
KSIOlajidebt Plays | Planet Side 2 #1,2013-03-22,260504
KSIOlajidebt Plays | Trials 2,2013-03-20,482201
KSIOlajidebt Plays | Trials #1,2013-03-19,618365
KSIOlajidebt Plays | Battlefield 3 End Game,2013-03-18,620129
KSIOlajidebt Plays | Sim City,2013-03-16,1091678
KSIOlajidebt Plays | The World's Hardest Platformer,2013-03-14,1076480
KSIOlajidebt Plays | The Big Adventure of Owata's Life,2013-03-13,1449377
KSIOlajidebt plays | Inside (Part 2),2013-03-12,814031
KSIOlajidebt Plays | Inside (Part 1),2013-03-11,1409179
KSIOlajidebt Plays | Paranormal (Part 4 of 4),2013-03-08,1151431
KSIOlajidebt Plays | Super Meatboy,2013-03-07,956365
KSIOlajidebt Plays | Paranormal (Part 3 of 4),2013-03-07,852934
KSIOlajidebt Plays | Paranormal (Part 2 of 4),2013-03-06,1154557
KSIOlajidebt Plays | Paranormal (Part 1 of 4),2013-03-05,1963157
KSIOlajidebt Plays | FAT,2013-03-04,1852268
KSIOlajidebt Plays | White Noise,2013-03-03,1933016
KSIOlajidebt Plays | Fantastic Fivesome #2,2013-03-02,2441174
KSIOlajidebt Plays | Fantastic Fivesome #1,2013-03-01,2337263
KSIOlajidebt Plays | Super Amazing Wagon Adventure,2013-02-28,769828
KSIOlajidebt Plays | Omegle,2013-02-27,14181992
KSIOlajidebt Plays | SkyFish Forever,2013-02-26,762656
KSIOlajidebt Plays | Dead Space 3 #4,2013-02-26,150773
KSIOlajidebt Plays | The Corridor,2013-02-25,2247689
KSIOlajidebt Plays | Dead Space 3 #3,2013-02-25,143340
KSIOlajidebt Plays | Runescape 2007,2013-02-24,844632
KSIOlajidebt Plays | Dead Space 3 #2,2013-02-23,221730
KSIOlajidebt Plays | Karaoke Party #1,2013-02-22,1456650
KSIOlajidebt Plays | Madden 13,2013-02-21,1078365
KSIOlajidebt Plays | Dead Space 3 #1,2013-02-20,403392
KSIOlajidebt Plays | Towards the Light,2012-12-27,2399072
Truth,2012-12-13,856540
KSIOlajidebt Plays | Erie,2012-12-06,11979050
KSIOlajidebt Plays | Dance Central 3 REMATCH!,2012-11-22,763041
KSIOlajidebt Plays | Black Ops 2 Zombies #4,2012-11-20,616900
KSIOlajidebt Plays | Black Ops 2 Zombies #3,2012-11-20,560998
KSIOlajidebt Plays | Black Ops 2 Zombies #2,2012-11-16,874692
KSIOlajidebt Plays | Black Ops 2 Zombies #1,2012-11-15,2250714
Halo 4 | Flood Gameplay w/ Vikkstar123,2012-11-10,259856
Halo 4 | Online Gameplay w/ Vikkstar123,2012-11-09,259187
Finding the Line In My Videos,2012-11-08,525180
KSIOlajidebt Plays | Halo 4 | Campaign,2012-11-07,529093
KSIOlajidebt Plays | No Luca No,2012-11-06,1118329
KSIOlajidebt Plays | Hell's House,2012-11-05,1549436
Dead Space 2 | FINALLY!!! #52,2012-11-04,188115
Dead Space 2 | MAKE US WHOLE!!! #51,2012-11-03,96999
Dead Space 2 | I DONT LIKE THIS GAME!!! #50,2012-11-02,117117
Dead Space 2 | ALMOST THERE? #49,2012-11-01,107466
Dead Space 2 | AND W'E'RE BACK!!! #48,2012-10-31,177860
KSIOlajidebt Plays | Super Pig (Part 3),2012-10-19,407226
KSIOlajidebt Plays | Super Pig (Part 2),2012-10-18,376664
KSIOlajidebt Plays | Super Pig (Part 1),2012-10-17,820506
KSIOlajidebt Plays | Never Ending Staircase (Part 3),2012-08-28,950289
Vlog | Oh America...,2012-08-09,997586
KSIOlajidebt Plays | Left For Dead 2 (Part 4),2012-08-04,252504
KSIOlajidebt Plays | Left For Dead 2 (Part 3),2012-08-03,209769
KSIOlajidebt Plays | Left For Dead 2 (Part 2),2012-08-02,259084
KSIOlajidebt Plays | Left For Dead 2 (Part 1),2012-08-01,489614
MY BROTHER PLAYS SLENDER!!!!!,2012-07-31,5302011
KSIOlajidebt Plays | Never Ending Staircase (Part 2),2012-07-31,803580
KSIOlajidebt Plays | Never Ending Staircase (Part 1),2012-07-30,1660828
KSIOlajidebt Plays | Slender (Part 2),2012-07-21,1424980
KSIOlajidebt Plays | Slender (Part 1),2012-07-20,2635124
KSIOlajidebt Plays | I Wanna Be The Guy: Gaiden (Part 2),2012-07-19,393009
KSIOlajidebt Plays | I Wanna Be The Guy: Gaiden (Part 1),2012-07-18,600197
KSIOlajidebt Plays | Army Of Two - The 40th Day #6,2012-06-23,274806
KSIOlajidebt Plays | Draw My Thing #5,2012-06-23,1075022
KSIOlajidebt Plays | Army Of Two - The 40th Day #5,2012-06-22,151517
KSIOlajidebt Plays | Draw My Thing #4,2012-06-22,517961
KSIOlajidebt Plays | FourPlay,2012-06-21,529287
KSIOlajidebt Plays | Army Of Two - The 40th Day #4,2012-06-21,159411
KSIOlajidebt Plays | Draw My Thing #3,2012-06-20,549086
KSIOlajidebt Plays | Army Of Two - The 40th Day #3,2012-06-20,228146
Dead Space 2 | I WILL FINISH THIS!!! #47,2012-06-20,122355
KSIOlajidebt Plays | Army Of Two - The 40th Day #2,2012-06-19,247617
KSIOlajidebt Plays | Army Of Two - The 40th Day #1,2012-06-18,604962
KSIOlajidebt Plays | Nazi Zombies,2012-06-13,698354
ComedyShortsGamer Plays | Crysis 2,2012-06-10,209925
KSIOlajidebt Plays | Zombies with JayEx23 - Moon,2012-06-05,857389
Car on Fire on Road,2012-06-05,811987
KSIOlajidebt Plays | Zombies with JayEx23 - Five,2012-06-04,544300
KSIOlajidebt Plays | Dragon Ball Z: Burst Limit,2012-06-01,877019
KSIOlajidebt Plays | Minecraft #2,2012-06-01,1351300
KSIOlajidebt Plays | Street Fighter 4,2012-05-30,806082
KSIOlajidebt Plays | Minecraft #1,2012-05-30,3092793
KSIOlajidebt Plays | Tekken 6,2012-05-23,886981
KSIOlajidebt Plays | Platform Journey 1+2,2012-05-20,933333
KSIOlajidebt Plays | Chase Goose 2 (Part 2),2012-05-19,435771
KSIOlajidebt Plays | Chase Goose 2 (Part 1),2012-05-17,806695
KSIOlajidebt Plays | Happy wheels #3,2012-05-16,802458
Dead Space 2 | LOL #46,2012-05-16,99855
Dead Space 2 | WHY U HELP ME?!!? #45,2012-05-15,88692
KSIOlajidebt Plays | Draw My Thing #2,2012-05-15,722237
KSIOlajidebt Plays | Draw My Thing #1,2012-05-15,1569224
Dead Space 2 | Wasn't me... #44,2012-05-14,92068
Dead Space 2 | STUPID RIDE!!! #43,2012-05-14,73193
KSIOlajidebt Plays The Impossible Quiz 2 (Part 3),2012-05-13,1297447
KSIOlajidebt Plays | The Impossible Quiz 2 (Part 2),2012-05-13,1366049
KSIOlajidebt Plays | The Impossible Quiz 2 (Part 1),2012-05-12,2329435
KSIOlajidebt Plays | Life Is Hard,2012-05-12,1459499
KSIOlajidebt Plays | House 2 (Part 3),2012-05-11,1064978
Dead Space 2 | An Awesome Ride? #42,2012-05-11,72938
KSIOlajidebt Plays | House 2 (Part 2),2012-05-10,1296703
KSIOlajidebt Plays | House 2 (Part 1),2012-05-10,2604430
KSIOlajidebt Plays | Unfair Mario (Part 2),2012-05-08,833830
KSIOlajidebt Plays Unfair Mario (Part 1),2012-05-08,1921409
KSIOlajidebt Plays | Syndicate and Ninja Gaiden 3,2012-05-07,426105
DONT MESS WITH ME!!! - THE BEST BITS,2012-05-07,940779
DEAD Space 2 | OH HELL NO!!!! #41,2012-05-07,87424
KSIOlajidebt Plays | The Impossible Quiz (Part 3),2012-05-06,2499140
A bit of banter xD,2012-05-06,618834
DEAD Space 2 | I've Freaking Done It Now... #40,2012-05-06,78295
KSIOlajidebt Plays | The Impossible Quiz (Part 2),2012-05-05,2881416
KSIOlajidebt Plays | The Impossible Quiz (Part 1),2012-05-05,4825230
DEAD Space 2 | STUPID DOOR!!! #39,2012-05-04,73946
DEAD Space 2 | Lets finish this!!! #38,2012-05-04,84518
KSIOlajidebt plays | The Frustration Game,2012-05-03,2000105
KSIOlajidebt plays | Paper Mario World (Part 2),2012-05-03,394146
KSIOlajidebt plays | Paper Mario World (Part 1),2012-05-02,793251
KSIOlajidebt Plays | The Unfair Platformer (Part 3),2012-04-25,585704
KSIOlajidebt Plays | The Unfair Platformer (Part 2),2012-04-24,606529
KSIOlajidebt Plays | The Unfair Platformer (Part 1),2012-04-23,1122654
KSIOlajidebt Plays | Dark Souls,2012-04-22,656999
KSIOlajidebt Plays | Super Mario Forever,2012-04-20,1213472
KSIOlajidebt Plays | Bread Duck (Part 2),2012-04-19,297059
KSIOlajidebt Plays | Bread Duck (Part 1),2012-04-19,689487
KSIOlajidebt Plays | Happy Wheels #2,2012-04-17,970309
KSIOlajidebt Plays | Happy Wheels #1,2012-04-17,1520109
KSIOlajidebt Plays | I Wanna Be The Guy (Part 2),2012-04-14,556533
KSIOlajidebt Plays | I Wanna Be The Guy (Part 1),2012-04-14,924555
KSIOlajidebt Plays: QWOP,2012-04-13,1286083
KSIOlajidebt Plays: The Impossible Game,2012-04-09,6025303
KSIOlajidebt plays: Flirt and Baby Maker 2,2012-04-09,1780197
Don'T be Nervous Talking 2 Girls a.k.a. THE MOST STUPID GAME EVER!!!!! (Part 3),2012-04-05,2179541
Don'T be Nervous Talking 2 Girls a.k.a. THE MOST STUPID GAME EVER!!!!! (Part 2),2012-04-05,2575070
Don'T be Nervous Talking 2 Girls a.k.a. THE MOST STUPID GAME EVER!!!!! (Part 1),2012-04-05,5014192
Dead Space 2 | It's been a while #37,2012-04-04,109533
Amnesia | The Dark Descent | Sooo screwed!!!!,2012-03-18,204578
Amnesia | The Dark Descent | I Hate Water,2012-03-15,168579
Amnesia | The Dark Descent | This game is not scary,2012-03-12,188059
Amnesia | The Dark Descent | Im an idiot :/ #2,2012-03-10,201079
Amnesia | The Dark Descent | And It begins #1,2012-03-09,543317
Dead Space 2 | Monster sex? #36,2012-03-08,150485
Dead Space 2 | Something's Different...#35,2012-03-07,66985
STUPID ONIONS MAKING ME CRY - THE BEST BITS,2012-03-02,286536
Saints Row 3 Co-op with JayEx23 - 7 Party Crashers,2012-03-02,173170
WOW I FAILED - THE BEST BITS,2012-03-01,267651
Dead Space 2 OMFG IT'S TOO TENSE #34,2012-02-29,72654
Dead Space 2 I Dont Like This #33,2012-02-28,72586
Dead Space 2 | Uh Oh #32,2012-02-27,66323
Saints Row 3 Co-op with JayEx23 - 5 Stop Chasing Us,2012-02-26,115506
Dead Space 2 | And We Return #31,2012-02-26,70488
Saints Row 3 Co-op with Jayex23 - 3 Shopping Disaster,2012-02-22,165920
Dead Space 2 | I AM A MAN!!! #30,2012-02-22,83247
Dead Space 2 | JESUS CHRIST WTF #29,2012-02-21,94322
Dead Space 2 | Things are getting a bit complicated... #28,2012-02-19,77073
Saints Row 3 Co-op with JayEx23 - The Bank Robbery #1,2012-02-18,120161
Dead Space 2 | OH SNAP!!! #27,2012-02-18,70506
Dead Space 2 | Oh Good Lord...#26,2012-02-17,71909
Dead Space 2 | Space Time? YAY? #25,2012-02-15,71367
WHERE WAS THAT?!?! - THE BEST BITS,2012-02-14,281127
Dead Space 2 | Unauthorized Visitor...Mainframe...STFU!!!!!! #24,2012-02-13,90289
YOU CAN'T CHANGE YOUR MIND EVIL THINGS!!!! - THE BEST BITS,2012-02-13,384358
Dead Space 2 | Time for a NEW PENIS!! i mean gun...#23,2012-02-12,91141
DEAD SPACE 2 SCARES ME!!! - THE BEST BITS,2012-02-12,315517
Dead Space 2 | WHAT DO I DO!?!?!? #22,2012-02-11,96828
Dead Space 2 | WE ARE IN BIG TROUBLE NOW!! #21,2012-02-10,86787
Dead Space 2 | Time for a Performance? #20,2012-02-09,98474
Dead Space 2 | We Got Company...#19,2012-02-08,94785
"Dead Space 2 | No Ammo, Low on Health...FFS...#18",2012-02-07,99829
Dead Space 2 | Well This Is Frustrating... #17,2012-02-06,106338
Dead Space 2 | I Done Did It Now...#16,2012-02-05,151252
Dead Space 2 | Say hello to my...BIG PENIS what? #15,2012-02-04,138703
Dead Space 2 | Dude...This is just not fair...#14,2012-02-03,188531
Dead Space 2 | I'm soooo Screwed...#13,2012-02-02,162115
Dead Space 2 | FACE TIME!!!! #12,2012-02-01,394000
Dead space 2 | Oh boy...#11,2012-01-31,70479
Dead Space 2 | This Is Just Stupid! #10,2012-01-30,77343
Dead Space 2 | WTF IS THIS S***!?!?!?! #9,2012-01-29,79071
Dead Space 2 | Let's try this again....#8,2012-01-28,85571
Dead Space 2 | This is BAD! #7,2012-01-27,92104
Dead Space 2 | Things turn for the worse...#6,2012-01-26,106033
Dead Space 2 HELL YEAH!!! #5,2012-01-24,112742
Dead Space 2 | OH BOY!!! #4,2012-01-23,138464
Dead Space 2 | I DONT WANT TO DO THIS!!!!!!!! #3,2012-01-22,235241
Dead Space 2 | What Have I DONE!!!??? #2,2012-01-21,213112
Dead Space 2 | FFS...#1,2012-01-20,412836
"SHAWTY GOTTA GUN! :p ( I will upload on this channel very soon, look in the description)",2012-01-14,92215
Dragon Ball Z Ultimate Tenkaichi - Playthrough #4,2011-11-01,117173
Dragon Ball Z Ultimate Tenkaichi - Playthrough #3,2011-11-01,71667
Dragon Ball Z Ultimate Tenkaichi - Playthrough #2,2011-10-31,140605
Dragon Ball Z Ultimate Tenkaichi - Playthrough #1,2011-10-31,121313
Battlefield 3 | Shotguns are BEAST!,2011-10-31,209015
Scary Games,2011-09-04,374400
Black Ops | One in the Chamber,2011-08-31,977213
